-- Pessoa
INSERT INTO Pessoa (Num_cc, Nome, Data_nascimento, Telemovel, Email, Genero) VALUES ('81338156', 'Pedro Cantante', str_to_date('3.5.1955', '%d.%m.%Y'), '955686915', 'pedro.cantante@gmail.com', 'M');
INSERT INTO Pessoa (Num_cc, Nome, Data_nascimento, Telemovel, Email, Genero) VALUES ('47177594', 'João Ferreira', str_to_date('2.9.1986', '%d.%m.%Y'), '961969260', 'joao.ferreira@gmail.com', 'M');
INSERT INTO Pessoa (Num_cc, Nome, Data_nascimento, Telemovel, Email, Genero) VALUES ('43534179', 'Miguel Velez', str_to_date('12.6.1996', '%d.%m.%Y'), '957462417', 'miguel.velez@gmail.com', 'M');
INSERT INTO Pessoa (Num_cc, Nome, Data_nascimento, Telemovel, Email, Genero) VALUES ('73377100', 'Gonçalo Santos', str_to_date('24.4.1954', '%d.%m.%Y'), '933210580', 'goncalo_santos@gmail.com', 'M');
INSERT INTO Pessoa (Num_cc, Nome, Data_nascimento, Telemovel, Email, Genero) VALUES ('21423179', 'Zé Miguel', str_to_date('3.9.1978', '%d.%m.%Y'), '938501235', 'ze.miguel@gmail.com', 'M');
INSERT INTO Pessoa (Num_cc, Nome, Data_nascimento, Telemovel, Email, Genero) VALUES ('47167732', 'João Maria', str_to_date('14.4.1956', '%d.%m.%Y'), '920693700', 'joao.maria@gmail.com', 'M');
INSERT INTO Pessoa (Num_cc, Nome, Data_nascimento, Telemovel, Email, Genero) VALUES ('11034577', 'Joana Zezoca', str_to_date('19.5.1973', '%d.%m.%Y'), '928559707', 'joana.zezoca@gmail.com', 'F');
INSERT INTO Pessoa (Num_cc, Nome, Data_nascimento, Telemovel, Email, Genero) VALUES ('72691088', 'Rita Miranda', str_to_date('13.6.1985', '%d.%m.%Y'), '920534089', 'rita.miranda@gmail.com', 'F');
INSERT INTO Pessoa (Num_cc, Nome, Data_nascimento, Telemovel, Email, Genero) VALUES ('37891265', 'Ana Almeida', str_to_date('19.5.1923', '%d.%m.%Y'), '954829301', 'ana.almeida@gmail.com', 'F');
INSERT INTO Pessoa (Num_cc, Nome, Data_nascimento, Telemovel, Email, Genero) VALUES ('39602580', 'Rui Cantante', str_to_date('17.5.1922', '%d.%m.%Y'), '919483384', 'rui.cantante@gmail.com', 'M');
INSERT INTO Pessoa (Num_cc, Nome, Data_nascimento, Telemovel, Email, Genero) VALUES ('52300675', 'Anabela Silva', str_to_date('1.3.1981', '%d.%m.%Y'), '969374052', 'anabela.silva@gmail.com', 'F');
INSERT INTO Pessoa (Num_cc, Nome, Data_nascimento, Telemovel, Email, Genero) VALUES ('76813719', 'Carina Santos', str_to_date('16.11.1948', '%d.%m.%Y'), '940326751', 'carina.santos@gmail.com', 'F');
INSERT INTO Pessoa (Num_cc, Nome, Data_nascimento, Telemovel, Email, Genero) VALUES ('69827651', 'Maria Amália', str_to_date('7.11.1945', '%d.%m.%Y'), '949902682', 'maria.amália@gmail.com', 'F');
INSERT INTO Pessoa (Num_cc, Nome, Data_nascimento, Telemovel, Email, Genero) VALUES ('30846379', 'Fernanda Almeida', str_to_date('22.12.1943', '%d.%m.%Y'), '946107144', 'fernanda.almeida@gmail.com', 'F');
INSERT INTO Pessoa (Num_cc, Nome, Data_nascimento, Telemovel, Email, Genero) VALUES ('79320899', 'Alexandre Santos', str_to_date('5.5.1988', '%d.%m.%Y'), '959459224', 'alexandre.santos@gmail.com', 'M');
INSERT INTO Pessoa (Num_cc, Nome, Data_nascimento, Telemovel, Email, Genero) VALUES ('65600448', 'Felipe Silva', str_to_date('27.1.1943', '%d.%m.%Y'), '916321047', 'felipe.silva@gmail.com', 'M');
INSERT INTO Pessoa (Num_cc, Nome, Data_nascimento, Telemovel, Email, Genero) VALUES ('25586095', 'Kevin Soromenho', str_to_date('23.12.1951', '%d.%m.%Y'), '913611206', 'kevin.soromenho@gmail.com', 'M');
INSERT INTO Pessoa (Num_cc, Nome, Data_nascimento, Telemovel, Email, Genero) VALUES ('29675066', 'Diogo Jesus', str_to_date('25.1.1972', '%d.%m.%Y'), '924685314', 'diogo.jesus@gmail.com', 'M');
INSERT INTO Pessoa (Num_cc, Nome, Data_nascimento, Telemovel, Email, Genero) VALUES ('87502597', 'Tiago Santos', str_to_date('9.9.1993', '%d.%m.%Y'), '959743878', 'tiago.santos@gmail.com', 'M');
INSERT INTO Pessoa (Num_cc, Nome, Data_nascimento, Telemovel, Email, Genero) VALUES ('92582010', 'Daniel Claro', str_to_date('15.9.1943', '%d.%m.%Y'), '938529781', 'daniel.claro@gmail.com', 'M');
INSERT INTO Pessoa (Num_cc, Nome, Data_nascimento, Telemovel, Email, Genero) VALUES ('72902440', 'Samuel Tavares', str_to_date('24.12.1932', '%d.%m.%Y'), '925348640', 'samuel.tavares@gmail.com', 'M');
INSERT INTO Pessoa (Num_cc, Nome, Data_nascimento, Telemovel, Email, Genero) VALUES ('80317060', 'Virginia Ferreira', str_to_date('26.12.1983', '%d.%m.%Y'), '937397481', 'virginia.ferreira@gmail.com', 'F');
INSERT INTO Pessoa (Num_cc, Nome, Data_nascimento, Telemovel, Email, Genero) VALUES ('88558301', 'Maria Marcelino', str_to_date('9.8.1944', '%d.%m.%Y'), '911282770', 'maria.marcelino@gmail.com', 'F');
INSERT INTO Pessoa (Num_cc, Nome, Data_nascimento, Telemovel, Email, Genero) VALUES ('11706381', 'Margarida Mendes', str_to_date('1.8.1969', '%d.%m.%Y'), '921041094', 'margarida.mendes@gmail.com', 'F');
INSERT INTO Pessoa (Num_cc, Nome, Data_nascimento, Telemovel, Email, Genero) VALUES ('59477056', 'Alex Lemesev', str_to_date('28.12.1968', '%d.%m.%Y'), '934378442', 'alex.lemesev@gmail.com', 'M');
INSERT INTO Pessoa (Num_cc, Nome, Data_nascimento, Telemovel, Email, Genero) VALUES ('46976859', 'Inês Cantante', str_to_date('24.12.1965', '%d.%m.%Y'), '936470154', 'inês.cantante@gmail.com', 'F');
INSERT INTO Pessoa (Num_cc, Nome, Data_nascimento, Telemovel, Email, Genero) VALUES ('32947149', 'António Silva', str_to_date('20.6.1958', '%d.%m.%Y'), '940148780', 'antónio.silva@gmail.com', 'M');
INSERT INTO Pessoa (Num_cc, Nome, Data_nascimento, Telemovel, Email, Genero) VALUES ('25906460', 'Melissa Tavares', str_to_date('23.3.1976', '%d.%m.%Y'), '929184841', 'melissa.tavares@gmail.com', 'F');
INSERT INTO Pessoa (Num_cc, Nome, Data_nascimento, Telemovel, Email, Genero) VALUES ('95490102', 'Raquel Casaca', str_to_date('1.10.1955', '%d.%m.%Y'), '939753240', 'raquel.casaca@gmail.com', 'F');
INSERT INTO Pessoa (Num_cc, Nome, Data_nascimento, Telemovel, Email, Genero) VALUES ('46606465', 'Tatiana Alves', str_to_date('1.3.1994', '%d.%m.%Y'), '943568064', 'tatiana.alves@gmail.com', 'F');
INSERT INTO Pessoa (Num_cc, Nome, Data_nascimento, Telemovel, Email, Genero) VALUES ('64568214', 'Valéria Santos', str_to_date('1.8.1998', '%d.%m.%Y'), '925899168', 'valéria.santos@gmail.com', 'F');
INSERT INTO Pessoa (Num_cc, Nome, Data_nascimento, Telemovel, Email, Genero) VALUES ('34293659', 'Maria Isabel', str_to_date('23.4.1973', '%d.%m.%Y'), '948924848', 'maria.isabel@gmail.com', 'F');
INSERT INTO Pessoa (Num_cc, Nome, Data_nascimento, Telemovel, Email, Genero) VALUES ('71673969', 'Rui Pinto', str_to_date('21.6.1991', '%d.%m.%Y'), '944397180', 'rui.pinto@gmail.com', 'M');
INSERT INTO Pessoa (Num_cc, Nome, Data_nascimento, Telemovel, Email, Genero) VALUES ('47436699', 'Lara Nascimento', str_to_date('23.1.1963', '%d.%m.%Y'), '918287130', 'lara.nascimento@gmail.com', 'F');
INSERT INTO Pessoa (Num_cc, Nome, Data_nascimento, Telemovel, Email, Genero) VALUES ('55820256', 'Catarina Ferreira', str_to_date('19.4.1994', '%d.%m.%Y'), '940629002', 'catarina.ferreira@gmail.com', 'F');
INSERT INTO Pessoa (Num_cc, Nome, Data_nascimento, Telemovel, Email, Genero) VALUES ('48508618', 'Ricardo Lopes', str_to_date('27.5.1953', '%d.%m.%Y'), '964200567', 'ricardo.lopes@gmail.com', 'M');
INSERT INTO Pessoa (Num_cc, Nome, Data_nascimento, Telemovel, Email, Genero) VALUES ('52187802', 'Fernando Lopes', str_to_date('9.12.1927', '%d.%m.%Y'), '914818427', 'fernando.lopes@gmail.com', 'M');
INSERT INTO Pessoa (Num_cc, Nome, Data_nascimento, Telemovel, Email, Genero) VALUES ('99851015', 'Rafael Dias', str_to_date('14.1.1973', '%d.%m.%Y'), '911509330', 'rafael.dias@gmail.com', 'M');
INSERT INTO Pessoa (Num_cc, Nome, Data_nascimento, Telemovel, Email, Genero) VALUES ('61528636', 'Daniel Cruz', str_to_date('22.3.1927', '%d.%m.%Y'), '942357564', 'daniel.cruz@gmail.com', 'M');
INSERT INTO Pessoa (Num_cc, Nome, Data_nascimento, Telemovel, Email, Genero) VALUES ('77242413', 'Samuel Antunes', str_to_date('8.5.1946', '%d.%m.%Y'), '958524994', 'samuel.antunes@gmail.com', 'M');
INSERT INTO Pessoa (Num_cc, Nome, Data_nascimento, Telemovel, Email, Genero) VALUES ('42073628', 'João Salvador', str_to_date('18.7.1934', '%d.%m.%Y'), '954627313', 'joao.salvador@gmail.com', 'M');
INSERT INTO Pessoa (Num_cc, Nome, Data_nascimento, Telemovel, Email, Genero) VALUES ('78825217', 'Ruben Oliveira', str_to_date('16.8.1977', '%d.%m.%Y'), '938577235', 'ruben.oliveira@gmail.com', 'M');
INSERT INTO Pessoa (Num_cc, Nome, Data_nascimento, Telemovel, Email, Genero) VALUES ('36349775', 'Luis Rocha', str_to_date('1.7.1970', '%d.%m.%Y'), '963712421', 'luis.rocha@gmail.com', 'M');
INSERT INTO Pessoa (Num_cc, Nome, Data_nascimento, Telemovel, Email, Genero) VALUES ('81254368', 'Nuno Oliveira', str_to_date('11.3.1964', '%d.%m.%Y'), '953330937', 'nuno.oliveira@gmail.com', 'M');
INSERT INTO Pessoa (Num_cc, Nome, Data_nascimento, Telemovel, Email, Genero) VALUES ('39609960', 'Tiago Batista', str_to_date('5.10.1949', '%d.%m.%Y'), '948944938', 'tiago.batista@gmail.com', 'M');
INSERT INTO Pessoa (Num_cc, Nome, Data_nascimento, Telemovel, Email, Genero) VALUES ('80916057', 'António Sérgio', str_to_date('26.6.1962', '%d.%m.%Y'), '921464447', 'antonio.sergio@gmail.com', 'M');
INSERT INTO Pessoa (Num_cc, Nome, Data_nascimento, Telemovel, Email, Genero) VALUES ('78079691', 'Vitor Silva', str_to_date('20.11.1993', '%d.%m.%Y'), '961222847', 'vitor.silva@gmail.com', 'M');
INSERT INTO Pessoa (Num_cc, Nome, Data_nascimento, Telemovel, Email, Genero) VALUES ('29984824', 'André Oliveira', str_to_date('8.4.1972', '%d.%m.%Y'), '930071736', 'andre.oliveira@gmail.com', 'M');
INSERT INTO Pessoa (Num_cc, Nome, Data_nascimento, Telemovel, Email, Genero) VALUES ('22448103', 'Filomena Pedro', str_to_date('16.11.1989', '%d.%m.%Y'), '951990589', 'filomena.pedro@gmail.com', 'F');
INSERT INTO Pessoa (Num_cc, Nome, Data_nascimento, Telemovel, Email, Genero) VALUES ('59200429', 'António Virgilio', str_to_date('1.9.1959', '%d.%m.%Y'), '926251381', 'antonio.virgilio@gmail.com', 'M');
INSERT INTO Pessoa (Num_cc, Nome, Data_nascimento, Telemovel, Email, Genero) VALUES ('20221868', 'Cosmin Racsan', str_to_date('27.1.1928', '%d.%m.%Y'), '931549357', 'cosmin.racsan@gmail.com', 'M');
INSERT INTO Pessoa (Num_cc, Nome, Data_nascimento, Telemovel, Email, Genero) VALUES ('69652459', 'João Barbosa', str_to_date('20.1.1986', '%d.%m.%Y'), '915463191', 'joao.barbosa@gmail.com', 'M');
INSERT INTO Pessoa (Num_cc, Nome, Data_nascimento, Telemovel, Email, Genero) VALUES ('37100076', 'Daniel Escuro', str_to_date('18.12.1949', '%d.%m.%Y'), '914064413', 'daniel.escuro@gmail.com', 'M');
INSERT INTO Pessoa (Num_cc, Nome, Data_nascimento, Telemovel, Email, Genero) VALUES ('71135303', 'Gonçalo Rebelo', str_to_date('8.4.1960', '%d.%m.%Y'), '925601768', 'goncalo.rebelo@gmail.com', 'M');
INSERT INTO Pessoa (Num_cc, Nome, Data_nascimento, Telemovel, Email, Genero) VALUES ('54090273', 'Diogo Silva', str_to_date('4.2.1933', '%d.%m.%Y'), '942908168', 'diogo.silva@gmail.com', 'M');
INSERT INTO Pessoa (Num_cc, Nome, Data_nascimento, Telemovel, Email, Genero) VALUES ('51344956', 'João Patricio', str_to_date('8.8.1974', '%d.%m.%Y'), '943406280', 'joao.patricio@gmail.com', 'M');
INSERT INTO Pessoa (Num_cc, Nome, Data_nascimento, Telemovel, Email, Genero) VALUES ('55471085', 'Marcelo Rebelo', str_to_date('22.12.1920', '%d.%m.%Y'), '947442710', 'marcelo.rebelo@gmail.com', 'M');
INSERT INTO Pessoa (Num_cc, Nome, Data_nascimento, Telemovel, Email, Genero) VALUES ('51223792', 'António Costa', str_to_date('20.6.1968', '%d.%m.%Y'), '922116240', 'antonio.costa@gmail.com', 'M');
INSERT INTO Pessoa (Num_cc, Nome, Data_nascimento, Telemovel, Email, Genero) VALUES ('44721973', 'Marcello Caetano', str_to_date('14.5.1944', '%d.%m.%Y'), '910930029', 'marcello.caetano@gmail.com', 'M');
INSERT INTO Pessoa (Num_cc, Nome, Data_nascimento, Telemovel, Email, Genero) VALUES ('78528896', 'António Salazar', str_to_date('22.2.1926', '%d.%m.%Y'), '929269164', 'antonio.salazar@gmail.com', 'M');

-- Utente
INSERT INTO Utente (Num_cc_utente) VALUES ('81338156');
INSERT INTO Utente (Num_cc_utente) VALUES ('47177594');
INSERT INTO Utente (Num_cc_utente) VALUES ('43534179');
INSERT INTO Utente (Num_cc_utente) VALUES ('73377100');
INSERT INTO Utente (Num_cc_utente) VALUES ('21423179');
INSERT INTO Utente (Num_cc_utente) VALUES ('47167732');
INSERT INTO Utente (Num_cc_utente) VALUES ('11034577');
INSERT INTO Utente (Num_cc_utente) VALUES ('72691088');
INSERT INTO Utente (Num_cc_utente) VALUES ('37891265');
INSERT INTO Utente (Num_cc_utente) VALUES ('39602580');
INSERT INTO Utente (Num_cc_utente) VALUES ('52300675');
INSERT INTO Utente (Num_cc_utente) VALUES ('76813719');
INSERT INTO Utente (Num_cc_utente) VALUES ('69827651');
INSERT INTO Utente (Num_cc_utente) VALUES ('30846379');
INSERT INTO Utente (Num_cc_utente) VALUES ('79320899');
INSERT INTO Utente (Num_cc_utente) VALUES ('65600448');
INSERT INTO Utente (Num_cc_utente) VALUES ('25586095');
INSERT INTO Utente (Num_cc_utente) VALUES ('29675066');
INSERT INTO Utente (Num_cc_utente) VALUES ('87502597');
INSERT INTO Utente (Num_cc_utente) VALUES ('92582010');
INSERT INTO Utente (Num_cc_utente) VALUES ('72902440');
INSERT INTO Utente (Num_cc_utente) VALUES ('80317060');
INSERT INTO Utente (Num_cc_utente) VALUES ('88558301');
INSERT INTO Utente (Num_cc_utente) VALUES ('11706381');
INSERT INTO Utente (Num_cc_utente) VALUES ('59477056');
INSERT INTO Utente (Num_cc_utente) VALUES ('46976859');
INSERT INTO Utente (Num_cc_utente) VALUES ('32947149');
INSERT INTO Utente (Num_cc_utente) VALUES ('25906460');
INSERT INTO Utente (Num_cc_utente) VALUES ('95490102');
INSERT INTO Utente (Num_cc_utente) VALUES ('46606465');
INSERT INTO Utente (Num_cc_utente) VALUES ('64568214');
INSERT INTO Utente (Num_cc_utente) VALUES ('34293659');
INSERT INTO Utente (Num_cc_utente) VALUES ('71673969');
INSERT INTO Utente (Num_cc_utente) VALUES ('47436699');
INSERT INTO Utente (Num_cc_utente) VALUES ('55820256');
INSERT INTO Utente (Num_cc_utente) VALUES ('48508618');
INSERT INTO Utente (Num_cc_utente) VALUES ('52187802');
INSERT INTO Utente (Num_cc_utente) VALUES ('99851015');
INSERT INTO Utente (Num_cc_utente) VALUES ('61528636');
INSERT INTO Utente (Num_cc_utente) VALUES ('77242413');

-- Empregado
INSERT INTO Empregado (Num_cc_empregado, Cargo) VALUES ('42073628', 'Farmacêutico');
INSERT INTO Empregado (Num_cc_empregado, Cargo) VALUES ('78825217', 'Farmacêutico');
INSERT INTO Empregado (Num_cc_empregado, Cargo) VALUES ('36349775', 'Farmacêutico');
INSERT INTO Empregado (Num_cc_empregado, Cargo) VALUES ('81254368', 'Farmacêutico');
INSERT INTO Empregado (Num_cc_empregado, Cargo) VALUES ('39609960', 'Farmacêutico');
INSERT INTO Empregado (Num_cc_empregado, Cargo) VALUES ('80916057', 'Farmacêutico');
INSERT INTO Empregado (Num_cc_empregado, Cargo) VALUES ('78079691', 'Farmacêutico');
INSERT INTO Empregado (Num_cc_empregado, Cargo) VALUES ('29984824', 'Auxiliar de Limpeza');
INSERT INTO Empregado (Num_cc_empregado, Cargo) VALUES ('22448103', 'Auxiliar de Limpeza');
INSERT INTO Empregado (Num_cc_empregado, Cargo) VALUES ('59200429', 'Gerente');
INSERT INTO Empregado (Num_cc_empregado, Cargo) VALUES ('20221868', 'Sub-gerente');
INSERT INTO Empregado (Num_cc_empregado, Cargo) VALUES ('69652459', 'Diretor');
INSERT INTO Empregado (Num_cc_empregado, Cargo) VALUES ('37100076', 'Farmacêutico Assistente');
INSERT INTO Empregado (Num_cc_empregado, Cargo) VALUES ('71135303', 'Farmacêutico Assistente');
INSERT INTO Empregado (Num_cc_empregado, Cargo) VALUES ('54090273', 'Farmacêutico Assistente');
INSERT INTO Empregado (Num_cc_empregado, Cargo) VALUES ('51344956', 'Farmacêutico Assistente');
INSERT INTO Empregado (Num_cc_empregado, Cargo) VALUES ('55471085', 'Estagiário');
INSERT INTO Empregado (Num_cc_empregado, Cargo) VALUES ('51223792', 'Estagiário');
INSERT INTO Empregado (Num_cc_empregado, Cargo) VALUES ('44721973', 'Estagiário');
INSERT INTO Empregado (Num_cc_empregado, Cargo) VALUES ('78528896', 'Estagiário');

-- Morada
INSERT INTO Morada (Num_cc_morada, Rua, Porta, Codigo_postal1, Codigo_postal2, Localidade) VALUES ('81338156', 'Rua de Pedro Cantante', '15', '2035', '193', 'Samouco');
INSERT INTO Morada (Num_cc_morada, Rua, Porta, Codigo_postal1, Codigo_postal2, Localidade) VALUES ('47177594', 'Rua de João Ferreira', '274', '4566', '273', 'Samouco');
INSERT INTO Morada (Num_cc_morada, Rua, Porta, Codigo_postal1, Codigo_postal2, Localidade) VALUES ('43534179', 'Rua de Miguel Velez', '35', '3408', '379', 'Samouco');
INSERT INTO Morada (Num_cc_morada, Rua, Porta, Codigo_postal1, Codigo_postal2, Localidade) VALUES ('73377100', 'Rua de Gonçalo Santos', '245', '6722', '249', 'Castelo Branco');
INSERT INTO Morada (Num_cc_morada, Rua, Porta, Codigo_postal1, Codigo_postal2, Localidade) VALUES ('21423179', 'Rua de Zé Miguel', '236', '2675', '455', 'Castelo Branco');
INSERT INTO Morada (Num_cc_morada, Rua, Porta, Codigo_postal1, Codigo_postal2, Localidade) VALUES ('47167732', 'Rua de João Maria', '142', '1619', '290', 'Castelo Branco');
INSERT INTO Morada (Num_cc_morada, Rua, Porta, Codigo_postal1, Codigo_postal2, Localidade) VALUES ('11034577', 'Rua de Joana Zezoca', '159', '2297', '143', 'Lisboa');
INSERT INTO Morada (Num_cc_morada, Rua, Porta, Codigo_postal1, Codigo_postal2, Localidade) VALUES ('72691088', 'Rua de Rita Miranda', '111', '4612', '824', 'Lisboa');
INSERT INTO Morada (Num_cc_morada, Rua, Porta, Codigo_postal1, Codigo_postal2, Localidade) VALUES ('37891265', 'Rua de Ana Almeida', '67', '4589', '307', 'Lisboa');
INSERT INTO Morada (Num_cc_morada, Rua, Porta, Codigo_postal1, Codigo_postal2, Localidade) VALUES ('39602580', 'Rua de Rui Cantante', '140', '1165', '666', 'Cascais');
INSERT INTO Morada (Num_cc_morada, Rua, Porta, Codigo_postal1, Codigo_postal2, Localidade) VALUES ('52300675', 'Rua de Anabela Silva', '252', '6763', '480', 'Cascais');
INSERT INTO Morada (Num_cc_morada, Rua, Porta, Codigo_postal1, Codigo_postal2, Localidade) VALUES ('76813719', 'Rua de Carina Santos', '174', '8869', '153', 'Cascais');
INSERT INTO Morada (Num_cc_morada, Rua, Porta, Codigo_postal1, Codigo_postal2, Localidade) VALUES ('69827651', 'Rua de Maria Amália', '31', '6180', '359', 'Sines');
INSERT INTO Morada (Num_cc_morada, Rua, Porta, Codigo_postal1, Codigo_postal2, Localidade) VALUES ('30846379', 'Rua de Fernanda Almeida', '66', '7561', '595', 'Sines');
INSERT INTO Morada (Num_cc_morada, Rua, Porta, Codigo_postal1, Codigo_postal2, Localidade) VALUES ('79320899', 'Rua de Alexandre Santos', '263', '2093', '278', 'Porto Covo');
INSERT INTO Morada (Num_cc_morada, Rua, Porta, Codigo_postal1, Codigo_postal2, Localidade) VALUES ('65600448', 'Rua de Felipe Silva', '172', '6104', '620', 'Faro');
INSERT INTO Morada (Num_cc_morada, Rua, Porta, Codigo_postal1, Codigo_postal2, Localidade) VALUES ('25586095', 'Rua de Kevin Soromenho', '290', '5323', '363', 'Braga');
INSERT INTO Morada (Num_cc_morada, Rua, Porta, Codigo_postal1, Codigo_postal2, Localidade) VALUES ('29675066', 'Rua de Diogo Jesus', '91', '9642', '708', 'Braga');
INSERT INTO Morada (Num_cc_morada, Rua, Porta, Codigo_postal1, Codigo_postal2, Localidade) VALUES ('87502597', 'Rua de Tiago Santos', '257', '4528', '997', 'Braga');
INSERT INTO Morada (Num_cc_morada, Rua, Porta, Codigo_postal1, Codigo_postal2, Localidade) VALUES ('92582010', 'Rua de Daniel Claro', '108', '3636', '510', 'Braga');
INSERT INTO Morada (Num_cc_morada, Rua, Porta, Codigo_postal1, Codigo_postal2, Localidade) VALUES ('72902440', 'Rua de Samuel Tavares', '14', '5894', '444', 'Braga');
INSERT INTO Morada (Num_cc_morada, Rua, Porta, Codigo_postal1, Codigo_postal2, Localidade) VALUES ('80317060', 'Rua de Virginia Ferreira', '87', '5427', '559', 'Bragança');
INSERT INTO Morada (Num_cc_morada, Rua, Porta, Codigo_postal1, Codigo_postal2, Localidade) VALUES ('88558301', 'Rua de Maria Marcelino', '271', '4722', '112', 'Bragança');
INSERT INTO Morada (Num_cc_morada, Rua, Porta, Codigo_postal1, Codigo_postal2, Localidade) VALUES ('11706381', 'Rua de Margarida Mendes', '72', '3513', '489', 'Funchal');
INSERT INTO Morada (Num_cc_morada, Rua, Porta, Codigo_postal1, Codigo_postal2, Localidade) VALUES ('59477056', 'Rua de Alex Lemesev', '6', '2351', '145', 'Porto Santo');
INSERT INTO Morada (Num_cc_morada, Rua, Porta, Codigo_postal1, Codigo_postal2, Localidade) VALUES ('46976859', 'Rua de Inês Cantante', '243', '9957', '857', 'Alcochete');
INSERT INTO Morada (Num_cc_morada, Rua, Porta, Codigo_postal1, Codigo_postal2, Localidade) VALUES ('32947149', 'Rua de António Silva', '77', '7701', '189', 'Montijo');
INSERT INTO Morada (Num_cc_morada, Rua, Porta, Codigo_postal1, Codigo_postal2, Localidade) VALUES ('25906460', 'Rua de Melissa Tavares', '147', '4757', '710', 'Montijo');
INSERT INTO Morada (Num_cc_morada, Rua, Porta, Codigo_postal1, Codigo_postal2, Localidade) VALUES ('95490102', 'Rua de Raquel Casaca', '136', '4757', '849', 'Montijo');
INSERT INTO Morada (Num_cc_morada, Rua, Porta, Codigo_postal1, Codigo_postal2, Localidade) VALUES ('46606465', 'Rua de Tatiana Alves', '36', '2241', '877', 'Montijo');
INSERT INTO Morada (Num_cc_morada, Rua, Porta, Codigo_postal1, Codigo_postal2, Localidade) VALUES ('64568214', 'Rua de Valéria Santos', '185', '2212', '342', 'Almada');
INSERT INTO Morada (Num_cc_morada, Rua, Porta, Codigo_postal1, Codigo_postal2, Localidade) VALUES ('34293659', 'Rua de Maria Isabel', '204', '8044', '915', 'São Fransisco');
INSERT INTO Morada (Num_cc_morada, Rua, Porta, Codigo_postal1, Codigo_postal2, Localidade) VALUES ('71673969', 'Rua de Rui Pinto', '44', '2584', '652', 'Pinhal Novo');
INSERT INTO Morada (Num_cc_morada, Rua, Porta, Codigo_postal1, Codigo_postal2, Localidade) VALUES ('47436699', 'Rua de Lara Nascimento', '293', '1548', '190', 'Amadora');
INSERT INTO Morada (Num_cc_morada, Rua, Porta, Codigo_postal1, Codigo_postal2, Localidade) VALUES ('55820256', 'Rua de Catarina Ferreira', '15', '9699', '837', 'Amadora');
INSERT INTO Morada (Num_cc_morada, Rua, Porta, Codigo_postal1, Codigo_postal2, Localidade) VALUES ('48508618', 'Rua de Ricardo Lopes', '69', '2965', '641', 'Amadora');
INSERT INTO Morada (Num_cc_morada, Rua, Porta, Codigo_postal1, Codigo_postal2, Localidade) VALUES ('52187802', 'Rua de Fernando Lopes', '113', '8979', '749', 'Amadora');
INSERT INTO Morada (Num_cc_morada, Rua, Porta, Codigo_postal1, Codigo_postal2, Localidade) VALUES ('99851015', 'Rua de Rafael Dias', '283', '5919', '832', 'Rio Maior');
INSERT INTO Morada (Num_cc_morada, Rua, Porta, Codigo_postal1, Codigo_postal2, Localidade) VALUES ('61528636', 'Rua de Daniel Cruz', '67', '5321', '629', 'Grândola');
INSERT INTO Morada (Num_cc_morada, Rua, Porta, Codigo_postal1, Codigo_postal2, Localidade) VALUES ('77242413', 'Rua de Samuel Antunes', '228', '9582', '149', 'Sagres');
INSERT INTO Morada (Num_cc_morada, Rua, Porta, Codigo_postal1, Codigo_postal2, Localidade) VALUES ('42073628', 'Rua de João Salvador', '22', '9578', '542', 'Braga');
INSERT INTO Morada (Num_cc_morada, Rua, Porta, Codigo_postal1, Codigo_postal2, Localidade) VALUES ('78825217', 'Rua de Ruben Oliveira', '269', '7391', '907', 'Bragança');
INSERT INTO Morada (Num_cc_morada, Rua, Porta, Codigo_postal1, Codigo_postal2, Localidade) VALUES ('36349775', 'Rua de Luis Rocha', '138', '6762', '761', 'Bragança');
INSERT INTO Morada (Num_cc_morada, Rua, Porta, Codigo_postal1, Codigo_postal2, Localidade) VALUES ('81254368', 'Rua de Nuno Oliveira', '87', '5335', '102', 'Funchal');
INSERT INTO Morada (Num_cc_morada, Rua, Porta, Codigo_postal1, Codigo_postal2, Localidade) VALUES ('39609960', 'Rua de Tiago Batista', '206', '7107', '963', 'Porto Santo');
INSERT INTO Morada (Num_cc_morada, Rua, Porta, Codigo_postal1, Codigo_postal2, Localidade) VALUES ('80916057', 'Rua de António Sérgio', '280', '5683', '536', 'Alcochete');
INSERT INTO Morada (Num_cc_morada, Rua, Porta, Codigo_postal1, Codigo_postal2, Localidade) VALUES ('78079691', 'Rua de Vitor Silva', '102', '4644', '660', 'Montijo');
INSERT INTO Morada (Num_cc_morada, Rua, Porta, Codigo_postal1, Codigo_postal2, Localidade) VALUES ('29984824', 'Rua de André Oliveira', '149', '7905', '144', 'Montijo');
INSERT INTO Morada (Num_cc_morada, Rua, Porta, Codigo_postal1, Codigo_postal2, Localidade) VALUES ('22448103', 'Rua de Filomena Pedro', '140', '3658', '992', 'Montijo');
INSERT INTO Morada (Num_cc_morada, Rua, Porta, Codigo_postal1, Codigo_postal2, Localidade) VALUES ('59200429', 'Rua de António Virgilio', '125', '9303', '798', 'Montijo');
INSERT INTO Morada (Num_cc_morada, Rua, Porta, Codigo_postal1, Codigo_postal2, Localidade) VALUES ('20221868', 'Rua de Cosmin Racsan', '263', '6334', '602', 'Almada');
INSERT INTO Morada (Num_cc_morada, Rua, Porta, Codigo_postal1, Codigo_postal2, Localidade) VALUES ('69652459', 'Rua de João Barbosa', '256', '8537', '118', 'São Fransisco');
INSERT INTO Morada (Num_cc_morada, Rua, Porta, Codigo_postal1, Codigo_postal2, Localidade) VALUES ('37100076', 'Rua de Daniel Escuro', '66', '8116', '362', 'Pinhal Novo');
INSERT INTO Morada (Num_cc_morada, Rua, Porta, Codigo_postal1, Codigo_postal2, Localidade) VALUES ('71135303', 'Rua de Gonçalo Rebelo', '50', '5643', '889', 'Amadora');
INSERT INTO Morada (Num_cc_morada, Rua, Porta, Codigo_postal1, Codigo_postal2, Localidade) VALUES ('54090273', 'Rua de Diogo Silva', '43', '5607', '323', 'Amadora');
INSERT INTO Morada (Num_cc_morada, Rua, Porta, Codigo_postal1, Codigo_postal2, Localidade) VALUES ('51344956', 'Rua de João Patricio', '276', '8807', '691', 'Amadora');
INSERT INTO Morada (Num_cc_morada, Rua, Porta, Codigo_postal1, Codigo_postal2, Localidade) VALUES ('55471085', 'Rua de Marcelo Rebelo', '132', '7954', '530', 'Amadora');
INSERT INTO Morada (Num_cc_morada, Rua, Porta, Codigo_postal1, Codigo_postal2, Localidade) VALUES ('51223792', 'Rua de António Costa', '262', '4694', '660', 'Rio Maior');
INSERT INTO Morada (Num_cc_morada, Rua, Porta, Codigo_postal1, Codigo_postal2, Localidade) VALUES ('44721973', 'Rua de Marcello Caetano', '160', '4844', '666', 'Grândola');
INSERT INTO Morada (Num_cc_morada, Rua, Porta, Codigo_postal1, Codigo_postal2, Localidade) VALUES ('78528896', 'Rua de António Salazar', '179', '1091', '999', 'Sagres');

-- Prescricao_eletronica
INSERT INTO Prescricao_eletronica (Id_utente_prescricao_eletronica, Id_produto, Data_validade, Data_emissao, Observacoes) VALUES ('1', '1', str_to_date('8.5.2030', '%d.%m.%Y'), str_to_date('21.8.2000', '%d.%m.%Y'), 'Tomar com cuidado!');
INSERT INTO Prescricao_eletronica (Id_utente_prescricao_eletronica, Id_produto, Data_validade, Data_emissao, Observacoes) VALUES ('2', '4', str_to_date('4.4.2035', '%d.%m.%Y'), str_to_date('14.12.2004', '%d.%m.%Y'), 'Tomar com cuidado!');
INSERT INTO Prescricao_eletronica (Id_utente_prescricao_eletronica, Id_produto, Data_validade, Data_emissao, Observacoes) VALUES ('3', '2', str_to_date('4.4.2026', '%d.%m.%Y'), str_to_date('27.1.2001', '%d.%m.%Y'), 'Tomar com cuidado!');
INSERT INTO Prescricao_eletronica (Id_utente_prescricao_eletronica, Id_produto, Data_validade, Data_emissao, Observacoes) VALUES ('4', '8', str_to_date('7.10.2025', '%d.%m.%Y'), str_to_date('21.5.2002', '%d.%m.%Y'), 'Tomar com cuidado!');
INSERT INTO Prescricao_eletronica (Id_utente_prescricao_eletronica, Id_produto, Data_validade, Data_emissao, Observacoes) VALUES ('5', '7', str_to_date('2.3.2029', '%d.%m.%Y'), str_to_date('24.1.2003', '%d.%m.%Y'), 'Tomar com cuidado!');
INSERT INTO Prescricao_eletronica (Id_utente_prescricao_eletronica, Id_produto, Data_validade, Data_emissao, Observacoes) VALUES ('6', '1', str_to_date('18.5.2026', '%d.%m.%Y'), str_to_date('7.4.2004', '%d.%m.%Y'), '1x de manhã');
INSERT INTO Prescricao_eletronica (Id_utente_prescricao_eletronica, Id_produto, Data_validade, Data_emissao, Observacoes) VALUES ('7', '3', str_to_date('15.3.2033', '%d.%m.%Y'), str_to_date('2.6.1999', '%d.%m.%Y'), '1x de manhã');
INSERT INTO Prescricao_eletronica (Id_utente_prescricao_eletronica, Id_produto, Data_validade, Data_emissao, Observacoes) VALUES ('8', '8', str_to_date('12.11.2034', '%d.%m.%Y'), str_to_date('26.12.2004', '%d.%m.%Y'), '1x de manhã');
INSERT INTO Prescricao_eletronica (Id_utente_prescricao_eletronica, Id_produto, Data_validade, Data_emissao, Observacoes) VALUES ('9', '6', str_to_date('13.9.2032', '%d.%m.%Y'), str_to_date('1.3.1996', '%d.%m.%Y'), '1x de manhã');
INSERT INTO Prescricao_eletronica (Id_utente_prescricao_eletronica, Id_produto, Data_validade, Data_emissao, Observacoes) VALUES ('10', '1', str_to_date('18.10.2033', '%d.%m.%Y'), str_to_date('28.11.1999', '%d.%m.%Y'), '1x de manhã');
INSERT INTO Prescricao_eletronica (Id_utente_prescricao_eletronica, Id_produto, Data_validade, Data_emissao, Observacoes) VALUES ('11', '4', str_to_date('21.12.2028', '%d.%m.%Y'), str_to_date('26.11.2005', '%d.%m.%Y'), '2x de noite');
INSERT INTO Prescricao_eletronica (Id_utente_prescricao_eletronica, Id_produto, Data_validade, Data_emissao, Observacoes) VALUES ('12', '7', str_to_date('8.10.2031', '%d.%m.%Y'), str_to_date('20.9.1999', '%d.%m.%Y'), '2x de noite');
INSERT INTO Prescricao_eletronica (Id_utente_prescricao_eletronica, Id_produto, Data_validade, Data_emissao, Observacoes) VALUES ('13', '9', str_to_date('15.9.2032', '%d.%m.%Y'), str_to_date('28.3.1997', '%d.%m.%Y'), '2x de noite');
INSERT INTO Prescricao_eletronica (Id_utente_prescricao_eletronica, Id_produto, Data_validade, Data_emissao, Observacoes) VALUES ('14', '6', str_to_date('6.9.2025', '%d.%m.%Y'), str_to_date('10.11.1995', '%d.%m.%Y'), '1x de manhã e 1x de noite');
INSERT INTO Prescricao_eletronica (Id_utente_prescricao_eletronica, Id_produto, Data_validade, Data_emissao, Observacoes) VALUES ('15', '7', str_to_date('14.3.2026', '%d.%m.%Y'), str_to_date('24.1.1998', '%d.%m.%Y'), '1x de manhã e 1x de noite');
INSERT INTO Prescricao_eletronica (Id_utente_prescricao_eletronica, Id_produto, Data_validade, Data_emissao, Observacoes) VALUES ('16', '9', str_to_date('17.3.2029', '%d.%m.%Y'), str_to_date('18.12.1995', '%d.%m.%Y'), '1x de manhã e 1x de noite');
INSERT INTO Prescricao_eletronica (Id_utente_prescricao_eletronica, Id_produto, Data_validade, Data_emissao, Observacoes) VALUES ('17', '2', str_to_date('26.5.2031', '%d.%m.%Y'), str_to_date('15.10.2001', '%d.%m.%Y'), '2x de manhã e 3x de noite');
INSERT INTO Prescricao_eletronica (Id_utente_prescricao_eletronica, Id_produto, Data_validade, Data_emissao, Observacoes) VALUES ('18', '3', str_to_date('3.3.2033', '%d.%m.%Y'), str_to_date('4.3.2004', '%d.%m.%Y'), '2x de manhã e 3x de noite');
INSERT INTO Prescricao_eletronica (Id_utente_prescricao_eletronica, Id_produto, Data_validade, Data_emissao, Observacoes) VALUES ('19', '4', str_to_date('13.3.2033', '%d.%m.%Y'), str_to_date('21.5.2001', '%d.%m.%Y'), '2x de manhã e 3x de noite');
INSERT INTO Prescricao_eletronica (Id_utente_prescricao_eletronica, Id_produto, Data_validade, Data_emissao, Observacoes) VALUES ('20', '2', str_to_date('5.5.2029', '%d.%m.%Y'), str_to_date('7.8.1999', '%d.%m.%Y'), '2x de manhã e 3x de noite');

-- Produto
INSERT INTO Produto (Nome, Formato, Tipo_tratamento, Via_administracao, Preco_atual, Stock) VALUES ('Brufen', 'Pomada', 'Antidepressivo', 'Nasal', '17.06', '89');
INSERT INTO Produto (Nome, Formato, Tipo_tratamento, Via_administracao, Preco_atual, Stock) VALUES ('Griponal', 'Xarope', 'Anticoagulante', 'Cutânea', '5.8', '30');
INSERT INTO Produto (Nome, Formato, Tipo_tratamento, Via_administracao, Preco_atual, Stock) VALUES ('Biafine', 'Xarope', 'Anticoagulante', 'Oral', '2.98', '17');
INSERT INTO Produto (Nome, Formato, Tipo_tratamento, Via_administracao, Preco_atual, Stock) VALUES ('Halibut', 'Xarope', 'Hidratante', 'Oral', '6.71', '66');
INSERT INTO Produto (Nome, Formato, Tipo_tratamento, Via_administracao, Preco_atual, Stock) VALUES ('Ben-u-ron', 'Comprimido', 'Antipsicótico', 'Subcutânea', '14.75', '68');
INSERT INTO Produto (Nome, Formato, Tipo_tratamento, Via_administracao, Preco_atual, Stock) VALUES ('Salazopirina', 'Efervescente', 'Antiviral', 'Subcutânea', '13.16', '95');
INSERT INTO Produto (Nome, Formato, Tipo_tratamento, Via_administracao, Preco_atual, Stock) VALUES ('Indocid Retard', 'Efervescente', 'Hidratante', 'Cutânea', '18.66', '26');
INSERT INTO Produto (Nome, Formato, Tipo_tratamento, Via_administracao, Preco_atual, Stock) VALUES ('Lepicortinolo', 'Pomada', 'Antiviral', 'Inalação', '13.35', '95');
INSERT INTO Produto (Nome, Formato, Tipo_tratamento, Via_administracao, Preco_atual, Stock) VALUES ('Cotrimoxazol', 'Pomada', 'Anticoagulante', 'Cutânea', '5.66', '83');
INSERT INTO Produto (Nome, Formato, Tipo_tratamento, Via_administracao, Preco_atual, Stock) VALUES ('Bissolvon', 'Injetor', 'Anticoagulante', 'Ocular', '13.01', '8');
INSERT INTO Produto (Nome, Formato, Tipo_tratamento, Via_administracao, Preco_atual, Stock) VALUES ('Ritalina', 'Gaseoso', 'Antipsicótico', 'Subcutânea', '18.96', '21');
INSERT INTO Produto (Nome, Formato, Tipo_tratamento, Via_administracao, Preco_atual, Stock) VALUES ('Atarax', 'Gaseoso', 'Anticoagulante', 'Oral', '6.09', '81');
INSERT INTO Produto (Nome, Formato, Tipo_tratamento, Via_administracao, Preco_atual, Stock) VALUES ('Cgripe', 'Xarope', 'Antidepressivo', 'Cutânea', '6.77', '11');
INSERT INTO Produto (Nome, Formato, Tipo_tratamento, Via_administracao, Preco_atual, Stock) VALUES ('Imodium Rapid', 'Gaseoso', 'Anti-inflamatório', 'Nasal', '19.85', '60');
INSERT INTO Produto (Nome, Formato, Tipo_tratamento, Via_administracao, Preco_atual, Stock) VALUES ('Magnoral', 'Comprimido', 'Antipsicótico', 'Oral', '16.98', '38');
INSERT INTO Produto (Nome, Formato, Tipo_tratamento, Via_administracao, Preco_atual, Stock) VALUES ('Chucha', 'Comprimido', 'Antidepressivo', 'Cutânea', '19', '4');
INSERT INTO Produto (Nome, Formato, Tipo_tratamento, Via_administracao, Preco_atual, Stock) VALUES ('Sensodine', 'Injetor', 'Antidepressivo', 'Ocular', '15.22', '66');
INSERT INTO Produto (Nome, Formato, Tipo_tratamento, Via_administracao, Preco_atual, Stock) VALUES ('Álcool', 'Efervescente', 'Antiviral', 'Subcutânea', '4.78', '5');
INSERT INTO Produto (Nome, Formato, Tipo_tratamento, Via_administracao, Preco_atual, Stock) VALUES ('Termómetro', 'Gaseoso', 'Anti-inflamatório', 'Nasal', '2.89', '32');
INSERT INTO Produto (Nome, Formato, Tipo_tratamento, Via_administracao, Preco_atual, Stock) VALUES ('Symbicort', 'Xarope', 'Hidratante', 'Ocular', '17.7', '44');

-- Venda
INSERT INTO Venda (Id_prescricao_eletronica_venda, Id_empregado_venda, Id_utente_venda, Preco_total, Data_emissao, Avaliacao) VALUES ('1', '4', '1', '101.7', str_to_date('2.4.2016', '%d.%m.%Y'), 'Bom');
INSERT INTO Venda (Id_prescricao_eletronica_venda, Id_empregado_venda, Id_utente_venda, Preco_total, Data_emissao, Avaliacao) VALUES ('2', '7', '2', '129.04', str_to_date('25.10.2017', '%d.%m.%Y'), 'Mau');
INSERT INTO Venda (Id_prescricao_eletronica_venda, Id_empregado_venda, Id_utente_venda, Preco_total, Data_emissao, Avaliacao) VALUES ('3', '2', '3', '77.14', str_to_date('1.9.2018', '%d.%m.%Y'), 'Excelente');
INSERT INTO Venda (Id_prescricao_eletronica_venda, Id_empregado_venda, Id_utente_venda, Preco_total, Data_emissao, Avaliacao) VALUES ('4', '11', '4', '7.8', str_to_date('20.6.2019', '%d.%m.%Y'), 'Excelente');
INSERT INTO Venda (Id_prescricao_eletronica_venda, Id_empregado_venda, Id_utente_venda, Preco_total, Data_emissao, Avaliacao) VALUES ('5', '18', '5', '109.44', str_to_date('5.10.2018', '%d.%m.%Y'), 'Mau');
INSERT INTO Venda (Id_prescricao_eletronica_venda, Id_empregado_venda, Id_utente_venda, Preco_total, Data_emissao, Avaliacao) VALUES ('6', '13', '6', '40.32', str_to_date('3.3.2018', '%d.%m.%Y'), 'Excelente');
INSERT INTO Venda (Id_prescricao_eletronica_venda, Id_empregado_venda, Id_utente_venda, Preco_total, Data_emissao, Avaliacao) VALUES ('7', '10', '7', '142.72', str_to_date('17.8.2016', '%d.%m.%Y'), 'Excelente');
INSERT INTO Venda (Id_prescricao_eletronica_venda, Id_empregado_venda, Id_utente_venda, Preco_total, Data_emissao, Avaliacao) VALUES ('8', '14', '8', '57.18', str_to_date('3.1.2016', '%d.%m.%Y'), 'Bom');
INSERT INTO Venda (Id_prescricao_eletronica_venda, Id_empregado_venda, Id_utente_venda, Preco_total, Data_emissao, Avaliacao) VALUES ('9', '7', '9', '155.7', str_to_date('3.4.2014', '%d.%m.%Y'), 'Mau');
INSERT INTO Venda (Id_prescricao_eletronica_venda, Id_empregado_venda, Id_utente_venda, Preco_total, Data_emissao, Avaliacao) VALUES ('10', '12', '10', '21.39', str_to_date('16.3.2015', '%d.%m.%Y'), 'Excelente');
INSERT INTO Venda (Id_prescricao_eletronica_venda, Id_empregado_venda, Id_utente_venda, Preco_total, Data_emissao, Avaliacao) VALUES ('11', '9', '11', '11.06', str_to_date('24.10.2017', '%d.%m.%Y'), 'Excelente');
INSERT INTO Venda (Id_prescricao_eletronica_venda, Id_empregado_venda, Id_utente_venda, Preco_total, Data_emissao, Avaliacao) VALUES ('12', '14', '12', '54.57', str_to_date('10.3.2015', '%d.%m.%Y'), 'Bom');
INSERT INTO Venda (Id_prescricao_eletronica_venda, Id_empregado_venda, Id_utente_venda, Preco_total, Data_emissao, Avaliacao) VALUES ('13', '8', '13', '73.92', str_to_date('18.12.2017', '%d.%m.%Y'), 'Bom');
INSERT INTO Venda (Id_prescricao_eletronica_venda, Id_empregado_venda, Id_utente_venda, Preco_total, Data_emissao, Avaliacao) VALUES ('14', '12', '14', '6.65', str_to_date('3.2.2016', '%d.%m.%Y'), 'Bom');
INSERT INTO Venda (Id_prescricao_eletronica_venda, Id_empregado_venda, Id_utente_venda, Preco_total, Data_emissao, Avaliacao) VALUES ('15', '20', '15', '64.6', str_to_date('28.12.2017', '%d.%m.%Y'), 'Bom');
INSERT INTO Venda (Id_prescricao_eletronica_venda, Id_empregado_venda, Id_utente_venda, Preco_total, Data_emissao, Avaliacao) VALUES ('16', '15', '16', '18.35', str_to_date('14.4.2016', '%d.%m.%Y'), 'Excelente');
INSERT INTO Venda (Id_prescricao_eletronica_venda, Id_empregado_venda, Id_utente_venda, Preco_total, Data_emissao, Avaliacao) VALUES ('17', '10', '17', '43.14', str_to_date('17.6.2016', '%d.%m.%Y'), 'Bom');
INSERT INTO Venda (Id_prescricao_eletronica_venda, Id_empregado_venda, Id_utente_venda, Preco_total, Data_emissao, Avaliacao) VALUES ('18', '16', '18', '112.08', str_to_date('4.4.2015', '%d.%m.%Y'), 'Bom');
INSERT INTO Venda (Id_prescricao_eletronica_venda, Id_empregado_venda, Id_utente_venda, Preco_total, Data_emissao, Avaliacao) VALUES ('19', '19', '19', '36.46', str_to_date('12.7.2017', '%d.%m.%Y'), 'Excelente');
INSERT INTO Venda (Id_prescricao_eletronica_venda, Id_empregado_venda, Id_utente_venda, Preco_total, Data_emissao, Avaliacao) VALUES ('20', '4', '20', '102.69', str_to_date('10.1.2019', '%d.%m.%Y'), 'Bom');
INSERT INTO Venda (Id_empregado_venda, Id_utente_venda, Preco_total, Data_emissao, Avaliacao) VALUES ('1', '21', '33.98', str_to_date('9.1.2018', '%d.%m.%Y'), 'Excelente');
INSERT INTO Venda (Id_empregado_venda, Id_utente_venda, Preco_total, Data_emissao, Avaliacao) VALUES ('2', '22', '84.63', str_to_date('12.5.2018', '%d.%m.%Y'), 'Mau');
INSERT INTO Venda (Id_empregado_venda, Id_utente_venda, Preco_total, Data_emissao, Avaliacao) VALUES ('4', '23', '55.02', str_to_date('10.5.2018', '%d.%m.%Y'), 'Bom');
INSERT INTO Venda (Id_empregado_venda, Id_utente_venda, Preco_total, Data_emissao, Avaliacao) VALUES ('9', '24', '48', str_to_date('23.7.2014', '%d.%m.%Y'), 'Excelente');
INSERT INTO Venda (Id_empregado_venda, Id_utente_venda, Preco_total, Data_emissao, Avaliacao) VALUES ('13', '25', '98.64', str_to_date('16.11.2015', '%d.%m.%Y'), 'Excelente');
INSERT INTO Venda (Id_empregado_venda, Id_utente_venda, Preco_total, Data_emissao, Avaliacao) VALUES ('3', '26', '14.16', str_to_date('14.7.2015', '%d.%m.%Y'), 'Excelente');
INSERT INTO Venda (Id_empregado_venda, Id_utente_venda, Preco_total, Data_emissao, Avaliacao) VALUES ('15', '27', '13.66', str_to_date('2.12.2015', '%d.%m.%Y'), 'Mau');
INSERT INTO Venda (Id_empregado_venda, Id_utente_venda, Preco_total, Data_emissao, Avaliacao) VALUES ('19', '28', '64.32', str_to_date('15.11.2017', '%d.%m.%Y'), 'Bom');
INSERT INTO Venda (Id_empregado_venda, Id_utente_venda, Preco_total, Data_emissao, Avaliacao) VALUES ('16', '29', '82.5', str_to_date('26.2.2016', '%d.%m.%Y'), 'Mau');
INSERT INTO Venda (Id_empregado_venda, Id_utente_venda, Preco_total, Data_emissao, Avaliacao) VALUES ('18', '30', '24.85', str_to_date('18.7.2018', '%d.%m.%Y'), 'Excelente');
INSERT INTO Venda (Id_empregado_venda, Id_utente_venda, Preco_total, Data_emissao, Avaliacao) VALUES ('11', '31', '17.7', str_to_date('7.7.2018', '%d.%m.%Y'), 'Mau');
INSERT INTO Venda (Id_empregado_venda, Id_utente_venda, Preco_total, Data_emissao, Avaliacao) VALUES ('1', '32', '30.22', str_to_date('18.5.2015', '%d.%m.%Y'), 'Excelente');
INSERT INTO Venda (Id_empregado_venda, Id_utente_venda, Preco_total, Data_emissao, Avaliacao) VALUES ('5', '33', '12.24', str_to_date('6.3.2015', '%d.%m.%Y'), 'Bom');
INSERT INTO Venda (Id_empregado_venda, Id_utente_venda, Preco_total, Data_emissao, Avaliacao) VALUES ('18', '34', '146.4', str_to_date('13.8.2015', '%d.%m.%Y'), 'Mau');
INSERT INTO Venda (Id_empregado_venda, Id_utente_venda, Preco_total, Data_emissao, Avaliacao) VALUES ('8', '35', '13.35', str_to_date('27.2.2019', '%d.%m.%Y'), 'Bom');
INSERT INTO Venda (Id_empregado_venda, Id_utente_venda, Preco_total, Data_emissao, Avaliacao) VALUES ('14', '36', '14.38', str_to_date('13.1.2018', '%d.%m.%Y'), 'Mau');
INSERT INTO Venda (Id_empregado_venda, Id_utente_venda, Preco_total, Data_emissao, Avaliacao) VALUES ('6', '37', '29.32', str_to_date('24.6.2018', '%d.%m.%Y'), 'Excelente');
INSERT INTO Venda (Id_empregado_venda, Id_utente_venda, Preco_total, Data_emissao, Avaliacao) VALUES ('9', '38', '169.11', str_to_date('4.7.2019', '%d.%m.%Y'), 'Excelente');
INSERT INTO Venda (Id_empregado_venda, Id_utente_venda, Preco_total, Data_emissao, Avaliacao) VALUES ('14', '39', '11.43', str_to_date('10.1.2018', '%d.%m.%Y'), 'Excelente');
INSERT INTO Venda (Id_empregado_venda, Id_utente_venda, Preco_total, Data_emissao, Avaliacao) VALUES ('14', '40', '35.44', str_to_date('18.6.2015', '%d.%m.%Y'), 'Mau');

-- Item_venda
INSERT INTO Item_venda (Id_venda_item_venda, N_linha, Id_produto_item_venda, Quantidade, Preco_vendido) VALUES ('1', '1', '1', '10', '10.17');
INSERT INTO Item_venda (Id_venda_item_venda, N_linha, Id_produto_item_venda, Quantidade, Preco_vendido) VALUES ('1', '2', '20', '8', '16.13');
INSERT INTO Item_venda (Id_venda_item_venda, N_linha, Id_produto_item_venda, Quantidade, Preco_vendido) VALUES ('2', '1', '4', '7', '11.02');
INSERT INTO Item_venda (Id_venda_item_venda, N_linha, Id_produto_item_venda, Quantidade, Preco_vendido) VALUES ('2', '2', '18', '2', '3.9');
INSERT INTO Item_venda (Id_venda_item_venda, N_linha, Id_produto_item_venda, Quantidade, Preco_vendido) VALUES ('3', '1', '2', '9', '12.16');
INSERT INTO Item_venda (Id_venda_item_venda, N_linha, Id_produto_item_venda, Quantidade, Preco_vendido) VALUES ('3', '2', '12', '4', '10.08');
INSERT INTO Item_venda (Id_venda_item_venda, N_linha, Id_produto_item_venda, Quantidade, Preco_vendido) VALUES ('4', '1', '8', '8', '17.84');
INSERT INTO Item_venda (Id_venda_item_venda, N_linha, Id_produto_item_venda, Quantidade, Preco_vendido) VALUES ('4', '2', '14', '3', '19.06');
INSERT INTO Item_venda (Id_venda_item_venda, N_linha, Id_produto_item_venda, Quantidade, Preco_vendido) VALUES ('5', '1', '7', '10', '15.57');
INSERT INTO Item_venda (Id_venda_item_venda, N_linha, Id_produto_item_venda, Quantidade, Preco_vendido) VALUES ('5', '2', '15', '3', '7.13');
INSERT INTO Item_venda (Id_venda_item_venda, N_linha, Id_produto_item_venda, Quantidade, Preco_vendido) VALUES ('6', '1', '1', '1', '11.06');
INSERT INTO Item_venda (Id_venda_item_venda, N_linha, Id_produto_item_venda, Quantidade, Preco_vendido) VALUES ('6', '2', '20', '3', '18.19');
INSERT INTO Item_venda (Id_venda_item_venda, N_linha, Id_produto_item_venda, Quantidade, Preco_vendido) VALUES ('7', '1', '3', '7', '10.56');
INSERT INTO Item_venda (Id_venda_item_venda, N_linha, Id_produto_item_venda, Quantidade, Preco_vendido) VALUES ('7', '2', '12', '1', '6.65');
INSERT INTO Item_venda (Id_venda_item_venda, N_linha, Id_produto_item_venda, Quantidade, Preco_vendido) VALUES ('8', '1', '8', '5', '12.92');
INSERT INTO Item_venda (Id_venda_item_venda, N_linha, Id_produto_item_venda, Quantidade, Preco_vendido) VALUES ('8', '2', '17', '5', '3.67');
INSERT INTO Item_venda (Id_venda_item_venda, N_linha, Id_produto_item_venda, Quantidade, Preco_vendido) VALUES ('9', '1', '6', '3', '14.38');
INSERT INTO Item_venda (Id_venda_item_venda, N_linha, Id_produto_item_venda, Quantidade, Preco_vendido) VALUES ('9', '2', '11', '6', '18.68');
INSERT INTO Item_venda (Id_venda_item_venda, N_linha, Id_produto_item_venda, Quantidade, Preco_vendido) VALUES ('10', '1', '1', '2', '18.23');
INSERT INTO Item_venda (Id_venda_item_venda, N_linha, Id_produto_item_venda, Quantidade, Preco_vendido) VALUES ('10', '2', '18', '9', '11.41');
INSERT INTO Item_venda (Id_venda_item_venda, N_linha, Id_produto_item_venda, Quantidade, Preco_vendido) VALUES ('11', '1', '4', '2', '16.99');
INSERT INTO Item_venda (Id_venda_item_venda, N_linha, Id_produto_item_venda, Quantidade, Preco_vendido) VALUES ('11', '2', '18', '7', '12.09');
INSERT INTO Item_venda (Id_venda_item_venda, N_linha, Id_produto_item_venda, Quantidade, Preco_vendido) VALUES ('12', '1', '7', '6', '9.17');
INSERT INTO Item_venda (Id_venda_item_venda, N_linha, Id_produto_item_venda, Quantidade, Preco_vendido) VALUES ('12', '2', '14', '4', '12');
INSERT INTO Item_venda (Id_venda_item_venda, N_linha, Id_produto_item_venda, Quantidade, Preco_vendido) VALUES ('13', '1', '9', '8', '12.33');
INSERT INTO Item_venda (Id_venda_item_venda, N_linha, Id_produto_item_venda, Quantidade, Preco_vendido) VALUES ('13', '2', '19', '2', '7.08');
INSERT INTO Item_venda (Id_venda_item_venda, N_linha, Id_produto_item_venda, Quantidade, Preco_vendido) VALUES ('14', '1', '6', '2', '6.83');
INSERT INTO Item_venda (Id_venda_item_venda, N_linha, Id_produto_item_venda, Quantidade, Preco_vendido) VALUES ('14', '2', '15', '6', '10.72');
INSERT INTO Item_venda (Id_venda_item_venda, N_linha, Id_produto_item_venda, Quantidade, Preco_vendido) VALUES ('15', '1', '7', '6', '13.75');
INSERT INTO Item_venda (Id_venda_item_venda, N_linha, Id_produto_item_venda, Quantidade, Preco_vendido) VALUES ('15', '2', '18', '5', '4.97');
INSERT INTO Item_venda (Id_venda_item_venda, N_linha, Id_produto_item_venda, Quantidade, Preco_vendido) VALUES ('16', '1', '9', '5', '3.54');
INSERT INTO Item_venda (Id_venda_item_venda, N_linha, Id_produto_item_venda, Quantidade, Preco_vendido) VALUES ('16', '2', '14', '2', '15.11');
INSERT INTO Item_venda (Id_venda_item_venda, N_linha, Id_produto_item_venda, Quantidade, Preco_vendido) VALUES ('17', '1', '2', '1', '12.24');
INSERT INTO Item_venda (Id_venda_item_venda, N_linha, Id_produto_item_venda, Quantidade, Preco_vendido) VALUES ('17', '2', '19', '8', '18.3');
INSERT INTO Item_venda (Id_venda_item_venda, N_linha, Id_produto_item_venda, Quantidade, Preco_vendido) VALUES ('18', '1', '3', '1', '13.35');
INSERT INTO Item_venda (Id_venda_item_venda, N_linha, Id_produto_item_venda, Quantidade, Preco_vendido) VALUES ('18', '2', '19', '2', '7.19');
INSERT INTO Item_venda (Id_venda_item_venda, N_linha, Id_produto_item_venda, Quantidade, Preco_vendido) VALUES ('19', '1', '4', '2', '14.66');
INSERT INTO Item_venda (Id_venda_item_venda, N_linha, Id_produto_item_venda, Quantidade, Preco_vendido) VALUES ('19', '2', '13', '9', '18.79');
INSERT INTO Item_venda (Id_venda_item_venda, N_linha, Id_produto_item_venda, Quantidade, Preco_vendido) VALUES ('20', '1', '2', '1', '11.43');
INSERT INTO Item_venda (Id_venda_item_venda, N_linha, Id_produto_item_venda, Quantidade, Preco_vendido) VALUES ('20', '2', '13', '4', '8.86');
INSERT INTO Item_venda (Id_venda_item_venda, N_linha, Id_produto_item_venda, Quantidade, Preco_vendido) VALUES ('21', '1', '5', '10', '18.61');
INSERT INTO Item_venda (Id_venda_item_venda, N_linha, Id_produto_item_venda, Quantidade, Preco_vendido) VALUES ('21', '2', '12', '4', '8.21');
INSERT INTO Item_venda (Id_venda_item_venda, N_linha, Id_produto_item_venda, Quantidade, Preco_vendido) VALUES ('22', '1', '6', '9', '9.67');
INSERT INTO Item_venda (Id_venda_item_venda, N_linha, Id_produto_item_venda, Quantidade, Preco_vendido) VALUES ('22', '2', '15', '4', '2.71');
INSERT INTO Item_venda (Id_venda_item_venda, N_linha, Id_produto_item_venda, Quantidade, Preco_vendido) VALUES ('23', '1', '5', '5', '8.11');
INSERT INTO Item_venda (Id_venda_item_venda, N_linha, Id_produto_item_venda, Quantidade, Preco_vendido) VALUES ('23', '2', '13', '3', '16.4');
INSERT INTO Item_venda (Id_venda_item_venda, N_linha, Id_produto_item_venda, Quantidade, Preco_vendido) VALUES ('24', '1', '7', '8', '11.16');
INSERT INTO Item_venda (Id_venda_item_venda, N_linha, Id_produto_item_venda, Quantidade, Preco_vendido) VALUES ('24', '2', '20', '8', '17.33');
INSERT INTO Item_venda (Id_venda_item_venda, N_linha, Id_produto_item_venda, Quantidade, Preco_vendido) VALUES ('25', '1', '4', '1', '10.95');
INSERT INTO Item_venda (Id_venda_item_venda, N_linha, Id_produto_item_venda, Quantidade, Preco_vendido) VALUES ('25', '2', '11', '8', '10.26');
INSERT INTO Item_venda (Id_venda_item_venda, N_linha, Id_produto_item_venda, Quantidade, Preco_vendido) VALUES ('26', '1', '10', '10', '16.18');
INSERT INTO Item_venda (Id_venda_item_venda, N_linha, Id_produto_item_venda, Quantidade, Preco_vendido) VALUES ('26', '2', '12', '2', '18.12');
INSERT INTO Item_venda (Id_venda_item_venda, N_linha, Id_produto_item_venda, Quantidade, Preco_vendido) VALUES ('27', '1', '5', '1', '7.56');
INSERT INTO Item_venda (Id_venda_item_venda, N_linha, Id_produto_item_venda, Quantidade, Preco_vendido) VALUES ('27', '2', '16', '3', '9.76');
INSERT INTO Item_venda (Id_venda_item_venda, N_linha, Id_produto_item_venda, Quantidade, Preco_vendido) VALUES ('28', '1', '2', '7', '14.97');
INSERT INTO Item_venda (Id_venda_item_venda, N_linha, Id_produto_item_venda, Quantidade, Preco_vendido) VALUES ('28', '2', '18', '3', '4.97');
INSERT INTO Item_venda (Id_venda_item_venda, N_linha, Id_produto_item_venda, Quantidade, Preco_vendido) VALUES ('29', '1', '4', '9', '17.67');
INSERT INTO Item_venda (Id_venda_item_venda, N_linha, Id_produto_item_venda, Quantidade, Preco_vendido) VALUES ('29', '2', '16', '6', '8.23');
INSERT INTO Item_venda (Id_venda_item_venda, N_linha, Id_produto_item_venda, Quantidade, Preco_vendido) VALUES ('30', '1', '1', '6', '11.07');
INSERT INTO Item_venda (Id_venda_item_venda, N_linha, Id_produto_item_venda, Quantidade, Preco_vendido) VALUES ('30', '2', '19', '5', '6.66');
INSERT INTO Item_venda (Id_venda_item_venda, N_linha, Id_produto_item_venda, Quantidade, Preco_vendido) VALUES ('31', '1', '7', '2', '12.1');
INSERT INTO Item_venda (Id_venda_item_venda, N_linha, Id_produto_item_venda, Quantidade, Preco_vendido) VALUES ('31', '2', '19', '5', '6.63');
INSERT INTO Item_venda (Id_venda_item_venda, N_linha, Id_produto_item_venda, Quantidade, Preco_vendido) VALUES ('32', '1', '9', '5', '3.35');
INSERT INTO Item_venda (Id_venda_item_venda, N_linha, Id_produto_item_venda, Quantidade, Preco_vendido) VALUES ('32', '2', '12', '3', '7.78');
INSERT INTO Item_venda (Id_venda_item_venda, N_linha, Id_produto_item_venda, Quantidade, Preco_vendido) VALUES ('33', '1', '5', '8', '17.85');
INSERT INTO Item_venda (Id_venda_item_venda, N_linha, Id_produto_item_venda, Quantidade, Preco_vendido) VALUES ('33', '2', '14', '4', '12.32');
INSERT INTO Item_venda (Id_venda_item_venda, N_linha, Id_produto_item_venda, Quantidade, Preco_vendido) VALUES ('34', '1', '6', '4', '8.3');
INSERT INTO Item_venda (Id_venda_item_venda, N_linha, Id_produto_item_venda, Quantidade, Preco_vendido) VALUES ('34', '2', '20', '4', '5.41');
INSERT INTO Item_venda (Id_venda_item_venda, N_linha, Id_produto_item_venda, Quantidade, Preco_vendido) VALUES ('35', '1', '4', '5', '5.04');
INSERT INTO Item_venda (Id_venda_item_venda, N_linha, Id_produto_item_venda, Quantidade, Preco_vendido) VALUES ('35', '2', '16', '7', '2.39');
INSERT INTO Item_venda (Id_venda_item_venda, N_linha, Id_produto_item_venda, Quantidade, Preco_vendido) VALUES ('36', '1', '8', '5', '19.06');
INSERT INTO Item_venda (Id_venda_item_venda, N_linha, Id_produto_item_venda, Quantidade, Preco_vendido) VALUES ('36', '2', '19', '5', '19.75');
INSERT INTO Item_venda (Id_venda_item_venda, N_linha, Id_produto_item_venda, Quantidade, Preco_vendido) VALUES ('37', '1', '3', '10', '10.74');
INSERT INTO Item_venda (Id_venda_item_venda, N_linha, Id_produto_item_venda, Quantidade, Preco_vendido) VALUES ('37', '2', '19', '6', '6.31');
INSERT INTO Item_venda (Id_venda_item_venda, N_linha, Id_produto_item_venda, Quantidade, Preco_vendido) VALUES ('38', '1', '1', '6', '17.45');
INSERT INTO Item_venda (Id_venda_item_venda, N_linha, Id_produto_item_venda, Quantidade, Preco_vendido) VALUES ('38', '2', '20', '8', '13.86');
INSERT INTO Item_venda (Id_venda_item_venda, N_linha, Id_produto_item_venda, Quantidade, Preco_vendido) VALUES ('39', '1', '2', '9', '3.85');
INSERT INTO Item_venda (Id_venda_item_venda, N_linha, Id_produto_item_venda, Quantidade, Preco_vendido) VALUES ('39', '2', '12', '1', '17.65');
INSERT INTO Item_venda (Id_venda_item_venda, N_linha, Id_produto_item_venda, Quantidade, Preco_vendido) VALUES ('40', '1', '10', '4', '10.85');
INSERT INTO Item_venda (Id_venda_item_venda, N_linha, Id_produto_item_venda, Quantidade, Preco_vendido) VALUES ('40', '2', '12', '10', '14.29');

COMMIT;